<?xml version="1.0" encoding="UTF-8"?>
<preferences>
 <debug showDebugMenu="0" />
 <systemtable>
  <columns>
   <connections preferredWidth="127" />
   <irq preferredWidth="34" />
  </columns>
 </systemtable>
 <clocktable>
  <columns>
   <clockname preferredWidth="269" />
   <clocksource preferredWidth="269" />
   <frequency preferredWidth="250" />
  </columns>
 </clocktable>
 <library
   expandedCategories="Library/Memories and Memory Controllers/External Memory Interfaces/Flash Interfaces,Project,Library/Peripherals/Debug and Performance,Library/Peripherals,Library/Memories and Memory Controllers/External Memory Interfaces,Library/Memories and Memory Controllers,Library/Memories and Memory Controllers/External Memory Interfaces/SDRAM Interfaces,Library/Peripherals/Microcontroller Peripherals,Library,Library/Embedded Processors,Library/Interface Protocols/Serial,Library/Interface Protocols" />
 <window width="1100" height="728" x="0" y="0" />
</preferences>
