<?xml version="1.0" encoding="UTF-8"?>
<preferences>
 <debug showDebugMenu="0" />
 <systemtable>
  <columns>
   <connections preferredWidth="127" />
   <irq preferredWidth="34" />
  </columns>
 </systemtable>
 <clocktable>
  <columns>
   <clockname preferredWidth="261" />
   <clocksource preferredWidth="259" />
   <frequency preferredWidth="249" />
  </columns>
 </clocktable>
 <library
   expandedCategories="Library/Peripherals,Library,Library/Peripherals/Microcontroller Peripherals,Project" />
 <window width="1599" height="728" x="-9" y="24" />
 <hdlexample language="VHDL" />
</preferences>
