<?xml version="1.0" ?>
<LOG_ROOT>
	<PROJECT NAME="de0_nano_system">
		<CBX_INST_ENTRY INSTANCE_NAME="|de0_nano_system|pll_sys:inst_pll_sys|altpll:altpll_component" CBX_FILE_NAME="pll_sys_altpll.v"/>
		<CBX_INST_ENTRY INSTANCE_NAME="|de0_nano_system|system:inst_cpu|system_cpu:cpu|system_cpu_bht_module:system_cpu_bht|altsyncram:the_altsyncram" CBX_FILE_NAME="altsyncram_fhg1.tdf"/>
		<CBX_INST_ENTRY INSTANCE_NAME="|de0_nano_system|system:inst_cpu|system_cpu:cpu|system_cpu_dc_data_module:system_cpu_dc_data|altsyncram:the_altsyncram" CBX_FILE_NAME="altsyncram_2jf1.tdf"/>
		<CBX_INST_ENTRY INSTANCE_NAME="|de0_nano_system|system:inst_cpu|system_cpu:cpu|system_cpu_dc_tag_module:system_cpu_dc_tag|altsyncram:the_altsyncram" CBX_FILE_NAME="altsyncram_f9g1.tdf"/>
		<CBX_INST_ENTRY INSTANCE_NAME="|de0_nano_system|system:inst_cpu|system_cpu:cpu|system_cpu_dc_victim_module:system_cpu_dc_victim|altsyncram:the_altsyncram" CBX_FILE_NAME="altsyncram_r3d1.tdf"/>
		<CBX_INST_ENTRY INSTANCE_NAME="|de0_nano_system|system:inst_cpu|system_cpu:cpu|system_cpu_nios2_oci:the_system_cpu_nios2_oci|system_cpu_nios2_oci_im:the_system_cpu_nios2_oci_im|system_cpu_traceram_lpm_dram_bdp_component_module:system_cpu_traceram_lpm_dram_bdp_component|altsyncram:the_altsyncram" CBX_FILE_NAME="altsyncram_0a02.tdf"/>
		<CBX_INST_ENTRY INSTANCE_NAME="|de0_nano_system|system:inst_cpu|system_cpu:cpu|system_cpu_nios2_oci:the_system_cpu_nios2_oci|system_cpu_nios2_ocimem:the_system_cpu_nios2_ocimem|system_cpu_ociram_lpm_dram_bdp_component_module:system_cpu_ociram_lpm_dram_bdp_component|altsyncram:the_altsyncram" CBX_FILE_NAME="altsyncram_jt72.tdf"/>
		<CBX_INST_ENTRY INSTANCE_NAME="|de0_nano_system|system:inst_cpu|system_cpu:cpu|system_cpu_register_bank_a_module:system_cpu_register_bank_a|altsyncram:the_altsyncram" CBX_FILE_NAME="altsyncram_fvf1.tdf"/>
		<CBX_INST_ENTRY INSTANCE_NAME="|de0_nano_system|system:inst_cpu|system_jtag_uart_0:jtag_uart_0|system_jtag_uart_0_scfifo_w:the_system_jtag_uart_0_scfifo_w|scfifo:wfifo" CBX_FILE_NAME="scfifo_jr21.tdf"/>
		<CBX_INST_ENTRY INSTANCE_NAME="|de0_nano_system|system:inst_cpu|system_cpu:cpu|system_cpu_mult_cell:the_system_cpu_mult_cell|altmult_add:the_altmult_add_part_1" CBX_FILE_NAME="mult_add_mgr2.tdf"/>
		<CBX_INST_ENTRY INSTANCE_NAME="|de0_nano_system|system:inst_cpu|system_jtag_uart_0:jtag_uart_0|system_jtag_uart_0_scfifo_r:the_system_jtag_uart_0_scfifo_r|scfifo:rfifo" CBX_FILE_NAME="scfifo_jr21.tdf"/>
		<CBX_INST_ENTRY INSTANCE_NAME="|de0_nano_system|system:inst_cpu|system_cpu:cpu|lpm_add_sub:Add17" CBX_FILE_NAME="add_sub_qvi.tdf"/>
		<CBX_INST_ENTRY INSTANCE_NAME="|de0_nano_system|system:inst_cpu|system_cpu:cpu|system_cpu_ic_data_module:system_cpu_ic_data|altsyncram:the_altsyncram" CBX_FILE_NAME="altsyncram_sjd1.tdf"/>
		<CBX_INST_ENTRY INSTANCE_NAME="|de0_nano_system|system:inst_cpu|system_cpu:cpu|system_cpu_ic_tag_module:system_cpu_ic_tag|altsyncram:the_altsyncram" CBX_FILE_NAME="altsyncram_stg1.tdf"/>
		<CBX_INST_ENTRY INSTANCE_NAME="|de0_nano_system|system:inst_cpu|system_cpu:cpu|system_cpu_mult_cell:the_system_cpu_mult_cell|altmult_add:the_altmult_add_part_2" CBX_FILE_NAME="mult_add_ogr2.tdf"/>
		<CBX_INST_ENTRY INSTANCE_NAME="|de0_nano_system|system:inst_cpu|system_cpu:cpu|system_cpu_register_bank_b_module:system_cpu_register_bank_b|altsyncram:the_altsyncram" CBX_FILE_NAME="altsyncram_gvf1.tdf"/>
	</PROJECT>
</LOG_ROOT>
